timestamp_utc,mmsi,vessel_name,latitude,longitude,speed_knots,heading_deg,nav_status,anomaly_flag
2026-09-21T18:00:00Z,354891000,MV_SAGAR_RATNA,22.8412,68.9102,12.4,115,UNDERWAY_USING_ENGINE,NORMAL
2026-09-21T19:00:00Z,354891000,MV_SAGAR_RATNA,22.6104,69.1245,12.1,118,UNDERWAY_USING_ENGINE,NORMAL
2026-09-21T20:00:00Z,354891000,MV_SAGAR_RATNA,22.4201,69.3108,11.8,122,UNDERWAY_USING_ENGINE,NORMAL
2026-09-21T21:00:00Z,354891000,MV_SAGAR_RATNA,22.2504,69.4510,4.2,094,MANEUVERING,SPEED_DROP_FLAGGED
2026-09-21T21:15:00Z,354891000,MV_SAGAR_RATNA,22.2310,69.4621,0.8,088,RESTRICTED_MANEUVERABILITY,STS_RENDEZVOUS_ZONE
2026-09-21T21:30:00Z,354891000,MV_SAGAR_RATNA,0.0000,0.0000,0.0,0,SIGNAL_LOST,TRANSPONDER_INVERSION_DARK
2026-09-22T00:30:00Z,354891000,MV_SAGAR_RATNA,22.3120,69.6102,9.6,082,UNDERWAY_USING_ENGINE,TRANSPONDER_RESTORED
2026-09-22T02:00:00Z,354891000,MV_SAGAR_RATNA,22.9510,70.1802,6.4,042,APPROACHING_PILOT_STATION,NORMAL
2026-09-22T03:30:00Z,354891000,MV_SAGAR_RATNA,23.0041,70.2184,0.1,012,MOORED_BERTH_4_KANDLA,BERTHED
